Sample Size,Mean Estimate,Lower Bound,Upper Bound
1.0,-0.7535791464167558,-0.9860904615793324,-0.5210678312541792
2.0,0.7010661260262552,0.46855481086367856,0.9335774411888318
3.0,-2.1753991726799002,-2.407910487842477,-1.9428878575173236
4.0,-0.7254294194596766,-0.9579407346222533,-0.49291810429710003
5.0,-0.24494113914794324,-0.47745245431051986,-0.0124298239853666
6.0,0.879547119770263,0.6470358046076864,1.1120584349328397
7.0,1.0760965132522793,0.8435851980897027,1.308607828414856
8.0,1.5881860462096298,1.3556747310470532,1.8206973613722064
9.0,1.3289734924596557,1.096462177297079,1.5614848076222323
10.0,0.700342338019339,0.46783102285676237,0.9328536531819156
11.0,0.46743023555756236,0.23491892039498571,0.699941550720139
12.0,0.5845524626300239,0.3520411474674473,0.8170637777926005
13.0,0.995780493919081,0.7632691787565044,1.2282918090816577
14.0,0.8741115009686639,0.6416001858060872,1.1066228161312406
15.0,0.8989826369402055,0.6664713217776289,1.1314939521027823
16.0,1.1937490177965517,0.9612377026339751,1.4262603329591284
17.0,1.4074922560115517,1.174980940848975,1.6400035711741283
18.0,1.1903614168993382,0.9578501017367615,1.4228727320619148
19.0,1.0850626992003163,0.8525513840377397,1.317574014362893
20.0,1.3905554839442047,1.158044168781628,1.6230667991067813
21.0,1.652594653310467,1.4200833381478903,1.8851059684730436
22.0,1.5590002975047887,1.3264889823422121,1.7915116126673654
23.0,1.5748894583134945,1.3423781431509179,1.807400773476071
24.0,1.6583460638887038,1.4258347487261271,1.8908573790512804
25.0,1.567150990672273,1.3346396755096963,1.7996623058348495
26.0,1.7459545548853954,1.5134432397228188,1.978465870047972
27.0,1.7756409082553393,1.5431295930927627,2.008152223417916
28.0,1.9773012098044007,1.744789894641824,2.2098125249669773
29.0,1.9831674884114876,1.750656173248911,2.215678803574064
30.0,1.8987814480633767,1.6662701329008,2.1312927632259533
31.0,2.062058616680336,1.8295473015177595,2.2945699318429127
32.0,2.2843516857089368,2.05184037054636,2.5168630008715134
33.0,2.4015800334788495,2.169068718316273,2.634091348641426
34.0,2.508820155728352,2.2763088405657754,2.7413314708909287
35.0,2.5993658670191064,2.36685455185653,2.831877182181683
36.0,2.525208211323808,2.2926968961612313,2.7577195264863845
37.0,2.5234866585740057,2.290975343411429,2.7559979737365823
38.0,2.621172601025375,2.3886612858627982,2.8536839161879515
39.0,2.6285616414800552,2.3960503263174786,2.861072956642632
40.0,2.670301251509056,2.4377899363464794,2.9028125666716327
41.0,2.898373324289703,2.6658620091271263,3.1308846394522796
42.0,3.0035817774149027,2.771070462252326,3.2360930925774793
43.0,2.981719568723383,2.7492082535608064,3.2142308838859597
44.0,2.9962500420545055,2.763738726891929,3.228761357217082
45.0,2.983207063347559,2.7506957481849823,3.2157183785101355
46.0,3.045587017607774,2.8130757024451976,3.278098332770351
47.0,3.0173147273892433,2.7848034122266667,3.24982604255182
48.0,2.9802680775400403,2.7477567623774637,3.212779392702617
49.0,3.042858319437728,2.8103470042751515,3.2753696346003047
50.0,3.06957659151571,2.837065276353133,3.3020879066782864
51.0,3.028382214363577,2.795870899201,3.2608935295261534
52.0,2.9738373093526866,2.74132599419011,3.2063486245152633
53.0,2.9047170215954496,2.672205706432873,3.1372283367580263
54.0,2.976145539796855,2.7436342246342784,3.2086568549594316
55.0,3.027893972944292,2.7953826577817154,3.2604052881068686
56.0,3.016039166543224,2.783527851380647,3.2485504817058004
57.0,3.0342396462504753,2.8017283310878986,3.266750961413052
58.0,3.02887422404642,2.7963629088838435,3.2613855392089968
59.0,2.9730030817906528,2.740491766628076,3.2055143969532294
60.0,2.912775063153099,2.6802637479905225,3.1452863783156757
61.0,2.992729590222673,2.7602182750600965,3.2252409053852498
62.0,3.0374101864604217,2.804898871297845,3.2699215016229983
63.0,2.9708314096088104,2.738320094446234,3.203342724771387
64.0,2.980022222335691,2.7475109071731145,3.2125335374982678
65.0,2.981962557492895,2.7494512423303186,3.214473872655472
66.0,2.9947079654505777,2.762196650288001,3.2272192806131543
67.0,3.028674110079313,2.7961627949167362,3.2611854252418895
68.0,2.973100229968223,2.7405889148056466,3.2056115451308
69.0,3.0093812490852554,2.776869933922679,3.241892564247832
70.0,2.944671245896289,2.7121599307337125,3.1771825610588658
71.0,3.00506649728787,2.772555182125293,3.2375778124504464
72.0,2.983145217440698,2.750633902278121,3.2156565326032744
73.0,2.9682670592090203,2.7357557440464437,3.200778374371597
74.0,2.917888450460987,2.6853771352984106,3.150399765623564
75.0,2.970375845485334,2.7378645303227573,3.2028871606479106
76.0,3.077156639347728,2.8446453241851515,3.3096679545103047
77.0,3.112695246107085,2.8801839309445083,3.3452065612696615
78.0,3.1089943642971627,2.876483049134586,3.3415056794597393
79.0,3.1379520048473086,2.905440689684732,3.3704633200098852
80.0,3.1584621117432174,2.925950796580641,3.390973426905794
81.0,3.2024019299857414,2.9698906148231647,3.434913245148318
82.0,3.1918626707064224,2.9593513555438458,3.424373985868999
83.0,3.184514764727592,2.9520034495650154,3.4170260798901686
84.0,3.177003504658682,2.9444921894961054,3.4095148198212586
85.0,3.2434829198108384,3.0109716046482617,3.475994234973415
86.0,3.3026319266362956,3.070120611473719,3.535143241798872
87.0,3.317891460831218,3.0853801456686414,3.5504027759937946
88.0,3.2881465366608826,3.055635221498306,3.5206578518234593
89.0,3.347100339159605,3.1145890239970284,3.5796116543221816
90.0,3.3214072535401438,3.088895938377567,3.5539185687027204
91.0,3.312110388164742,3.079599073002165,3.5446217033273184
92.0,3.268189497626957,3.0356781824643804,3.5007008127895336
93.0,3.258542359728155,3.0260310445655785,3.4910536748907317
94.0,3.2137204858997275,2.981209170737151,3.446231801062304
95.0,3.2507127262735964,3.01820141111102,3.483224041436173
96.0,3.2196654669446985,2.987154151782122,3.452176782107275
97.0,3.198457646641417,2.9659463314788406,3.430968961803994
98.0,3.2594966713318962,3.0269853561693196,3.492007986494473
99.0,3.292516991266056,3.0600056761034793,3.5250283064286325
100.0,3.2717731644205528,3.039261849257976,3.5042844795831294
101.0,3.2458576268243426,3.013346311661766,3.4783689419869193
102.0,3.2013711369474898,2.968859821784913,3.4338824521100664
103.0,3.1763785213324747,2.943867206169898,3.4088898364950513
104.0,3.2312380986990217,2.998726783536445,3.4637494138615983
105.0,3.171838204647438,2.939326889484861,3.4043495198100144
106.0,3.1554376072910495,2.922926292128473,3.387948922453626
107.0,3.200044433261701,2.9675331180991242,3.4325557484242775
108.0,3.225368088086763,2.992856772924186,3.4578794032493394
109.0,3.228304035475324,2.9957927203127475,3.4608153506379007
110.0,3.224994356078663,2.9924830409160865,3.4575056712412398
111.0,3.251545221527304,3.0190339063647276,3.484056536689881
112.0,3.2787889350048305,3.046277619842254,3.511300250167407
113.0,3.2337271302674093,3.0012158151048327,3.466238445429986
114.0,3.253363446150864,3.0208521309882874,3.4858747613134407
115.0,3.26765217737182,3.0351408622092433,3.5001634925343965
116.0,3.3050624940550573,3.0725511788924806,3.537573809217634
117.0,3.3114439328466463,3.0789326176840697,3.543955248009223
118.0,3.3064890349416434,3.0739777197790668,3.53900035010422
119.0,3.2716385788885356,3.039127263725959,3.504149894051112
120.0,3.2866121920505833,3.0541008768880067,3.51912350721316
121.0,3.285235607431875,3.0527242922692985,3.5177469225944518
122.0,3.310500727750718,3.0779894125881415,3.5430120429132947
123.0,3.344821805462227,3.1123104902996506,3.577333120624804
124.0,3.327367118621868,3.0948558034592915,3.5598784337844447
125.0,3.277295699247317,3.0447843840847404,3.5098070144098936
126.0,3.305665793400354,3.0731544782377775,3.5381771085629308
127.0,3.321987021057894,3.0894757058953175,3.5544983362204707
128.0,3.3073664101570723,3.0748550949944957,3.539877725319649
129.0,3.2923335341261204,3.059822218963544,3.524844849288697
130.0,3.3395993400283857,3.107088024865809,3.5721106551909623
131.0,3.3086988998019664,3.07618758463939,3.541210214964543
132.0,3.2957530307097254,3.0632417155471487,3.528264345872302
133.0,3.3039531593112392,3.0714418441486626,3.536464474473816
134.0,3.284843424310844,3.0523321091482676,3.517354739473421
135.0,3.2823298155692133,3.0498185004066367,3.51484113073179
136.0,3.337518595643602,3.1050072804810256,3.570029910806179
137.0,3.3111790941832377,3.078667779020661,3.5436904093458144
138.0,3.3207110915663303,3.0881997764037536,3.553222406728907
139.0,3.333436256587388,3.1009249414248115,3.5659475717499647
140.0,3.4231988934908544,3.1906875783282778,3.655710208653431
141.0,3.428923974066098,3.1964126589035216,3.661435289228675
142.0,3.4243291260760977,3.191817810913521,3.6568404412386744
143.0,3.3962683929335014,3.1637570777709247,3.628779708096078
144.0,3.396432932463375,3.1639216173007982,3.6289442476259515
145.0,3.420993666362828,3.1884823512002516,3.653504981525405
146.0,3.3686474595445457,3.136136144381969,3.6011587747071223
147.0,3.3653581130837305,3.132846797921154,3.597869428246307
148.0,3.3925248005766653,3.1600134854140887,3.625036115739242
149.0,3.3752089504276572,3.1426976352650806,3.607720265590234
150.0,3.3533029760267037,3.120791660864127,3.5858142911892803
151.0,3.3881929005635616,3.155681585400985,3.620704215726138
152.0,3.4019819633811097,3.169470648218533,3.6344932785436863
153.0,3.376818621205468,3.1443073060428914,3.6093299363680447
154.0,3.397175045392608,3.1646637302300316,3.629686360555185
155.0,3.403727289332115,3.1712159741695385,3.6362386044946917
156.0,3.3743261310141666,3.14181481585159,3.606837446176743
157.0,3.3875610289016453,3.1550497137390687,3.620072344064222
158.0,3.4130602800763654,3.180548964913789,3.645571595238942
159.0,3.413512273886011,3.1810009587234345,3.6460235890485877
160.0,3.4411540141215795,3.208642698959003,3.673665329284156
161.0,3.4238754996198466,3.19136418445727,3.6563868147824232
162.0,3.421005907503361,3.1884945923407844,3.6535172226659376
163.0,3.4085404514265623,3.1760291362639856,3.641051766589139
164.0,3.3455067709316744,3.1129954557690978,3.578018086094251
165.0,3.338368812947424,3.1058574977848474,3.5708801281100007
166.0,3.343701737926992,3.1111904227644156,3.576213053089569
167.0,3.316250023418994,3.0837387082564174,3.5487613385815706
168.0,3.32437636285488,3.0918650476923033,3.5568876780174565
169.0,3.339087150887313,3.1065758357247364,3.5715984660498896
170.0,3.347444481551668,3.1149331663890916,3.579955796714245
171.0,3.3437193080123504,3.111207992849774,3.576230623174927
172.0,3.3634105485121917,3.130899233349615,3.5959218636747683
173.0,3.3663903308476812,3.1338790156851046,3.598901646010258
174.0,3.3817572976805637,3.149245982517987,3.6142686128431403
175.0,3.382142683138074,3.1496313679754975,3.6146539983006507
176.0,3.3621850118379246,3.129673696675348,3.5946963270005012
177.0,3.3755001737037595,3.142988858541183,3.608011488866336
178.0,3.362968702657854,3.1304573874952775,3.5954800178204307
179.0,3.3555219502756075,3.123010635113031,3.588033265438184
180.0,3.348189888431168,3.115678573268591,3.5807012035937444
181.0,3.3372299867730635,3.104718671610487,3.56974130193564
182.0,3.3689798795558765,3.1364685643933,3.601491194718453
183.0,3.3569691415391634,3.1244578263765868,3.58948045670174
184.0,3.335369958914582,3.1028586437520054,3.5678812740771586
185.0,3.294710869315986,3.0621995541534095,3.5272221844785627
186.0,3.2819523630002108,3.049441047837634,3.5144636781627874
187.0,3.2581634664014376,3.025652151238861,3.4906747815640142
188.0,3.2523542696178978,3.019842954455321,3.4848655847804744
189.0,3.2434103516102373,3.0108990364476607,3.475921666772814
190.0,3.2529300477802825,3.020418732617706,3.485441362942859
191.0,3.284923193618807,3.05241187845623,3.5174345087813834
192.0,3.272135084268758,3.0396237691061816,3.504646399431335
193.0,3.258705066796119,3.026193751633542,3.4912163819586954
194.0,3.242434395270874,3.0099230801082975,3.4749457104334507
195.0,3.2248427000871476,2.992331384924571,3.457354015249724
196.0,3.235124409888867,3.0026130947262906,3.467635725051444
197.0,3.2467745442296936,3.014263229067117,3.47928585939227
198.0,3.2197471736627166,2.98723585850014,3.452258488825293
199.0,3.20937666242252,2.9768653472599436,3.441887977585097
200.0,3.2121770850602216,2.979665769897645,3.444688400222798
201.0,3.2384532417261296,3.005941926563553,3.470964556888706
202.0,3.2429412387825294,3.0104299236199528,3.475452553945106
203.0,3.254732542613311,3.0222212274507343,3.4872438577758875
204.0,3.2109563033388304,2.978444988176254,3.443467618501407
205.0,3.2190770383564398,2.986565723193863,3.4515883535190164
206.0,3.2155600677275284,2.983048752564952,3.448071382890105
207.0,3.1637584173951776,2.931247102232601,3.396269732557754
208.0,3.1536228425642268,2.92111152740165,3.3861341577268034
209.0,3.13807936020859,2.9055680450460133,3.3705906753711665
210.0,3.1336204896376025,2.901109174475026,3.366131804800179
211.0,3.120697282925471,2.8881859677628943,3.3532085980880475
212.0,3.119431162959881,2.8869198477973046,3.351942478122458
213.0,3.104301749207212,2.871790434044635,3.3368130643697884
214.0,3.117283965109057,2.8847726499464805,3.3497952802716338
215.0,3.1315682200232566,2.89905690486068,3.3640795351858332
216.0,3.1542075674764165,2.92169625231384,3.386718882638993
217.0,3.1414145156282136,2.908903200465637,3.3739258307907902
218.0,3.158052339582747,2.9255410244201703,3.3905636547453235
219.0,3.148497463175862,2.9159861480132854,3.3810087783384386
220.0,3.167481199620278,2.9349698844577015,3.3999925147828547
221.0,3.15760302043094,2.9250917052683634,3.3901143355935166
222.0,3.1791214169753483,2.9466101018127717,3.411632732137925
223.0,3.170261302532117,2.9377499873695405,3.4027726176946937
224.0,3.166458117669141,2.9339468025065645,3.3989694328317177
225.0,3.1879314534994108,2.955420138336834,3.4204427686619874
226.0,3.160492673489347,2.9279813583267704,3.3930039886519237
227.0,3.146786137712753,2.9142748225501762,3.3792974528753295
228.0,3.1602562569353427,2.927744941772766,3.3927675720979193
229.0,3.1435759241608685,2.911064608998292,3.376087239323445
230.0,3.1291268556903815,2.896615540527805,3.361638170852958
231.0,3.1230977733652465,2.89058645820267,3.355609088527823
232.0,3.106436891227616,2.8739255760650395,3.3389482063901927
233.0,3.112279296077111,2.8797679809145342,3.3447906112396875
234.0,3.101413077777352,2.8689017626147755,3.3339243929399287
235.0,3.0990718897004865,2.86656057453791,3.331583204863063
236.0,3.1381248382401896,2.905613523077613,3.3706361534027662
237.0,3.1463328404876685,2.913821525325092,3.378844155650245
238.0,3.137442874180414,2.9049315590178373,3.3699541893429905
239.0,3.1522478450135636,2.919736529850987,3.38475916017614
240.0,3.144027148028571,2.9115158328659945,3.3765384631911477
241.0,3.160294244472089,2.9277829293095126,3.392805559634666
242.0,3.157551842938751,2.9250405277761744,3.3900631581013276
243.0,3.1643414542705774,2.931830139108001,3.396852769433154
244.0,3.183012283692615,2.9505009685300383,3.4155235988551915
245.0,3.189010573026415,2.9564992578638383,3.4215218881889915
246.0,3.1838673482345126,2.951356033071936,3.416378663397089
247.0,3.167912916048919,2.935401600886342,3.4004242312114954
248.0,3.139647578280914,2.9071362631183373,3.3721588934434905
249.0,3.1515731623039898,2.919061847141413,3.3840844774665664
250.0,3.1683546857420932,2.9358433705795166,3.40086600090467
251.0,3.179855912642293,2.9473445974797166,3.41236722780487
252.0,3.198521570992442,2.9660102558298655,3.431032886155019
253.0,3.1874802488273795,2.954968933664803,3.419991563989956
254.0,3.1876469302061055,2.955135615043529,3.420158245368682
255.0,3.180863449200747,2.94835213403817,3.4133747643633234
256.0,3.1766185484418616,2.944107233279285,3.4091298636044383
257.0,3.187624071816065,2.9551127566534885,3.4201353869786417
258.0,3.2035568457045738,2.971045530541997,3.4360681608671504
259.0,3.192957721674389,2.9604464065118123,3.4254690368369656
260.0,3.224787372106828,2.9922760569442515,3.4572986872694047
261.0,3.192621140561116,2.9601098253985394,3.4251324557236926
262.0,3.2102290714670723,2.9777177563044956,3.442740386629649
263.0,3.1905225654436093,2.9580112502810327,3.423033880606186
264.0,3.18248829213436,2.9499769769717834,3.4149996072969366
265.0,3.163756562311726,2.9312452471491492,3.3962678774743025
266.0,3.16922323479817,2.9367119196355933,3.4017345499607465
267.0,3.182257628908138,2.9497463137455613,3.4147689440707145
268.0,3.178879198513478,2.9463678833509013,3.4113905136760545
269.0,3.176487603868576,2.9439762887059993,3.4089989190311525
270.0,3.1893139479246186,2.956802632762042,3.4218252630871953
271.0,3.1754037196777594,2.9428924045151827,3.407915034840336
272.0,3.177034194789635,2.9445228796270584,3.4095455099522116
273.0,3.1527655143697366,2.92025419920716,3.3852768295323132
274.0,3.1632118025501135,2.930700487387537,3.39572311771269
275.0,3.194449049049485,2.9619377338869084,3.4269603642120616
276.0,3.182700671323443,2.9501893561608665,3.4152119864860198
277.0,3.1634679593962227,2.930956644233646,3.3959792745587993
278.0,3.152210295509687,2.9196989803471105,3.3847216106722637
279.0,3.138012759225304,2.9055014440627276,3.370524074387881
280.0,3.157918755629517,2.9254074404669406,3.390430070792094
281.0,3.1687871353186687,2.936275820156092,3.4012984504812454
282.0,3.1726567679427613,2.9401454527801847,3.405168083105338
283.0,3.168994012330822,2.936482697168245,3.4015053274933984
284.0,3.1612619354884686,2.928750620325892,3.393773250651045
285.0,3.1648479186739973,2.9323366035114207,3.397359233836574
286.0,3.185131367272314,2.9526200521097374,3.4176426824348907
287.0,3.1852769813098925,2.952765666147316,3.417788296472469
288.0,3.193316843313547,2.96080552815097,3.4258281584761234
289.0,3.1967862668124876,2.964274951649911,3.429297581975064
290.0,3.200492106976725,2.9679807918141483,3.4330034221393015
291.0,3.186335903379818,2.9538245882172416,3.418847218542395
292.0,3.1763593718247587,2.943848056662182,3.4088706869873353
293.0,3.1901268693261953,2.9576155541636187,3.422638184488772
294.0,3.1666980641886213,2.9341867490260447,3.399209379351198
295.0,3.170333778974857,2.9378224638122803,3.4028450941374335
296.0,3.1674560619038252,2.9349447467412486,3.399967377066402
297.0,3.160999566772837,2.9284882516102604,3.3935108819354136
298.0,3.1678146285984075,2.935303313435831,3.400325943760984
299.0,3.166701311191172,2.9341899960285955,3.3992126263537488
300.0,3.1696986738243185,2.937187358661742,3.402209988986895
301.0,3.195078319167226,2.9625670040046495,3.4275896343298027
302.0,3.1980670630144155,2.965555747851839,3.430578378176992
303.0,3.198231205452919,2.9657198902903423,3.4307425206154956
304.0,3.2017350021544724,2.9692236869918958,3.434246317317049
305.0,3.1998670931402136,2.967355777977637,3.43237840830279
306.0,3.1967372880583422,2.9642259728957656,3.429248603220919
307.0,3.193744658270206,2.9612333431076294,3.4262559734327827
308.0,3.1833373555976805,2.950826040435104,3.415848670760257
309.0,3.188636889585165,2.9561255744225883,3.4211482047477415
310.0,3.174449403425824,2.9419380882632473,3.4069607185884005
311.0,3.1943587714064208,2.961847456243844,3.4268700865689974
312.0,3.192418883937032,2.9599075687744554,3.4249301990996086
313.0,3.1844997647703543,2.9519884496077777,3.417011079932931
314.0,3.176301146660549,2.9437898314979725,3.4088124618231257
315.0,3.184608125519209,2.9520968103566325,3.4171194406817857
316.0,3.183665876516768,2.9511545613541914,3.4161771916793446
317.0,3.177346769602664,2.944835454440087,3.4098580847652404
318.0,3.170228067744018,2.9377167525814416,3.402739382906595
319.0,3.18173164166572,2.9492203265031436,3.414242956828297
320.0,3.182383073545421,2.9498717583828444,3.4148943887079977
321.0,3.192167360653775,2.959656045491198,3.4246786758163514
322.0,3.1982468773854515,2.965735562222875,3.430758192548028
323.0,3.2126613859118107,2.980150070749234,3.4451727010743873
324.0,3.221157587730547,2.9886462725679706,3.453668902893124
325.0,3.2088939129314307,2.976382597768854,3.4414052280940073
326.0,3.2021976021613434,2.969686286998767,3.43470891732392
327.0,3.225886407390397,2.9933750922278204,3.4583977225529736
328.0,3.2136658545766554,2.981154539414079,3.446177169739232
329.0,3.219556390433791,2.9870450752712143,3.4520677055963676
330.0,3.2190260819929617,2.986514766830385,3.4515373971555383
331.0,3.212198096148123,2.9796867809855465,3.4447094113106997
332.0,3.2150816317759907,2.982570316613414,3.4475929469385673
333.0,3.2070697879248757,2.974558472762299,3.4395811030874524
334.0,3.2008892804858853,2.9683779653233087,3.433400595648462
335.0,3.2009166247595626,2.968405309596986,3.4334279399221392
336.0,3.188918235043343,2.9564069198807665,3.4214295502059198
337.0,3.190037401322161,2.9575260861595845,3.4225487164847377
338.0,3.1962997759273937,2.963788460764817,3.4288110910899703
339.0,3.1824221669225055,2.949910851759929,3.414933482085082
340.0,3.170223237292228,2.9377119221296515,3.4027345524548047
341.0,3.151177304633761,2.9186659894711844,3.3836886197963376
342.0,3.133290634874919,2.9007793197123424,3.3658019500374956
343.0,3.142650501084006,2.9101391859214294,3.3751618162465826
344.0,3.1710157266456,2.938504411483023,3.4035270418081764
345.0,3.1890429933634294,2.956531678200853,3.421554308526006
346.0,3.181628706952897,2.9491173917903204,3.4141400221154736
347.0,3.1766226467767136,2.944111331614137,3.40913396193929
348.0,3.1704366145647827,2.937925299402206,3.4029479297273593
349.0,3.1587420589793918,2.926230743816815,3.3912533741419684
350.0,3.159275944788912,2.9267646296263354,3.3917872599514887
351.0,3.190187006698738,2.9576756915361613,3.4226983218613145
352.0,3.1805043460663707,2.947993030903794,3.4130156612289473
353.0,3.1924804334658576,2.959969118303281,3.4249917486284343
354.0,3.2058261541643187,2.973314839001742,3.4383374693268953
355.0,3.22069729512031,2.9881859799577333,3.4532086102828865
356.0,3.2171758122970093,2.9846644971344327,3.449687127459586
357.0,3.2257046191071366,2.99319330394456,3.458215934269713
358.0,3.2261103037115255,2.993598988548949,3.458621618874102
359.0,3.1996749038414767,2.9671635886789,3.4321862190040533
360.0,3.2001883811052565,2.96767706594268,3.432699696267833
361.0,3.193024523574816,2.960513208412239,3.4255358387373924
362.0,3.19232590417776,2.9598145890151835,3.4248372193403367
363.0,3.1933719229135145,2.960860607750938,3.425883238076091
364.0,3.1806498089529778,2.948138493790401,3.4131611241155544
365.0,3.1820193531787564,2.94950803801618,3.414530668341333
366.0,3.1980285907677177,2.965517275605141,3.4305399059302943
367.0,3.2026304828119434,2.970119167649367,3.43514179797452
368.0,3.207103858749033,2.974592543586456,3.4396151739116094
369.0,3.207491607249671,2.9749802920870945,3.4400029224122477
370.0,3.20038293726248,2.9678716220999033,3.4328942524250565
371.0,3.1971237270013604,2.9646124118387838,3.429635042163937
372.0,3.2002407295803614,2.967729414417785,3.432752044742938
373.0,3.207208457535032,2.9746971423724555,3.4397197726976088
374.0,3.219956915205586,2.987445600043009,3.4524682303681624
375.0,3.2433232817498476,3.010811966587271,3.4758345969124242
376.0,3.2314529054769237,2.998941590314347,3.4639642206395003
377.0,3.2436939664287023,3.0111826512661257,3.476205281591279
378.0,3.2342921751555083,3.0017808599929316,3.466803490318085
379.0,3.2363234304781177,3.003812115315541,3.4688347456406943
380.0,3.2386485961965654,3.006137281033989,3.471159911359142
381.0,3.2407757457684903,3.0082644306059136,3.473287060931067
382.0,3.2430227458731156,3.010511430710539,3.475534061035692
383.0,3.2368863155593894,3.004375000396813,3.469397630721966
384.0,3.2348745442937656,3.002363229131189,3.4673858594563423
385.0,3.2285592281686877,2.996047913006111,3.4610705433312643
386.0,3.234176470309791,3.001665155147214,3.4666877854723674
387.0,3.220911812259185,2.9884004970966083,3.4534231274217615
388.0,3.2283251043360863,2.9958137891735097,3.460836419498663
389.0,3.239123738454067,3.0066124232914904,3.4716350536166436
390.0,3.252876570344615,3.0203652551820386,3.485387885507192
391.0,3.2558055006958835,3.023294185533307,3.48831681585846
392.0,3.2621966383571754,3.029685323194599,3.494707953519752
393.0,3.256414856152883,3.0239035409903066,3.48892617131546
394.0,3.2491044636712205,3.016593148508644,3.481615778833797
395.0,3.257422639543237,3.0249113243806605,3.4899339547058137
396.0,3.250728365156282,3.0182170499937055,3.4832396803188588
397.0,3.260476572574201,3.0279652574116245,3.4929878877367777
398.0,3.25491127570062,3.0223999605380434,3.4874225908631966
399.0,3.250202292354375,3.0176909771917986,3.482713607516952
400.0,3.2572491565677693,3.0247378414051926,3.489760471730346
401.0,3.250221951367765,3.017710636205188,3.4827332665303414
402.0,3.2608642043216873,3.0283528891591107,3.493375519484264
403.0,3.2688217027217505,3.036310387559174,3.501333017884327
404.0,3.26259611658322,3.030084801420643,3.4951074317457964
405.0,3.2688322332643116,3.036320918101735,3.501343548426888
406.0,3.2605946494397537,3.028083334277177,3.4931059646023304
407.0,3.25257230591891,3.0200609907563334,3.4850836210814866
408.0,3.2333738391242357,3.000862523961659,3.4658851542868123
409.0,3.229972535746582,2.997461220584005,3.4624838509091584
410.0,3.230004234016994,2.9974929188544173,3.4625155491795705
411.0,3.2411837823813303,3.0086724672187537,3.473695097543907
412.0,3.240798143900763,3.0082868287381865,3.4733094590633398
413.0,3.2524707825755286,3.019959467412952,3.484982097738105
414.0,3.259885463006711,3.0273741478441343,3.4923967781692875
415.0,3.245321793619487,3.0128104784569105,3.4778331087820638
416.0,3.2532962038453346,3.020784888682758,3.485807519007911
417.0,3.256669675522979,3.0241583603604023,3.4891809906855555
418.0,3.247851957704787,3.0153406425422102,3.4803632728673635
419.0,3.2426772614987405,3.010165946336164,3.475188576661317
420.0,3.2393794308908723,3.0068681157282957,3.471890746053449
421.0,3.2183614074292115,2.985850092266635,3.450872722591788
422.0,3.212456841050613,2.9799455258880365,3.4449681562131897
423.0,3.243127938500802,3.010616623338225,3.4756392536633784
424.0,3.241447042259117,3.0089357270965404,3.4739583574216937
425.0,3.240257138875812,3.0077458237132353,3.4727684540383885
426.0,3.2371714063543755,3.004660091191799,3.469682721516952
427.0,3.247571159248024,3.0150598440854472,3.4800824744106005
428.0,3.2715236169360464,3.03901230177347,3.504034932098623
429.0,3.265770524783833,3.0332592096212565,3.4982818399464097
430.0,3.266924002462026,3.0344126872994495,3.4994353176246027
431.0,3.2784952637846083,3.0459839486220317,3.511006578947185
432.0,3.2763765679113956,3.043865252748819,3.5088878830739723
433.0,3.2746236118008603,3.0421122966382836,3.507134926963437
434.0,3.275784044786933,3.0432727296243565,3.5082953599495097
435.0,3.277720438675546,3.0452091235129695,3.5102317538381227
436.0,3.2854020420400536,3.052890726877477,3.51791335720263
437.0,3.301412949348832,3.0689016341862554,3.5339242645114086
438.0,3.308053263467188,3.0755419483046116,3.540564578629765
439.0,3.309109987638948,3.076598672476371,3.5416213028015244
440.0,3.2994894800071135,3.066978164844537,3.53200079516969
441.0,3.292653552576404,3.060142237413827,3.5251648677389804
442.0,3.288184944786931,3.0556736296243545,3.5206962599495077
443.0,3.294973055885126,3.0624617407225494,3.5274843710477026
444.0,3.3072867594925173,3.0747754443299407,3.539798074655094
445.0,3.306937238587796,3.0744259234252196,3.539448553750373
446.0,3.3010053430487254,3.068494027886149,3.533516658211302
447.0,3.309068149218367,3.0765568340557903,3.5415794643809435
448.0,3.2948947143114085,3.062383399148832,3.527406029473985
449.0,3.2846116441324433,3.0521003289698667,3.51712295929502
450.0,3.279696280103868,3.0471849649412914,3.5122075952664447
451.0,3.2898960004968973,3.0573846853343207,3.522407315659474
452.0,3.3085778606180827,3.076066545455506,3.5410891757806593
453.0,3.3056729859633647,3.073161670800788,3.5381843011259413
454.0,3.3059600791817303,3.0734487640191537,3.538471394344307
455.0,3.3044251429347224,3.071913827772146,3.536936458097299
456.0,3.3059981778098946,3.073486862647318,3.538509492972471
457.0,3.311823925409901,3.0793126102473245,3.5443352405724777
458.0,3.312669925231035,3.0801586100684584,3.5451812403936116
459.0,3.3077843981648547,3.075273083002278,3.5402957133274313
460.0,3.2895734701100294,3.057062154947453,3.522084785272606
461.0,3.313439654829357,3.0809283396667806,3.545950969991934
462.0,3.323004652504734,3.0904933373421573,3.5555159676673105
463.0,3.322918600954246,3.0904072857916693,3.5554299161168226
464.0,3.3299728214561926,3.097461506293616,3.562484136618769
465.0,3.335050989900386,3.1025396747378093,3.5675623050629626
466.0,3.341370045683877,3.1088587305213005,3.5738813608464537
467.0,3.3462283567835085,3.113717041620932,3.578739671946085
468.0,3.3508039610751075,3.118292645912531,3.583315276237684
469.0,3.351622376022989,3.1191110608604125,3.5841336911855657
470.0,3.348233489373682,3.1157221742111054,3.5807448045362587
471.0,3.341629508721664,3.1091181935590875,3.5741408238842407
472.0,3.3466518451141605,3.114140529951584,3.579163160276737
473.0,3.346752726968317,3.1142414118057404,3.5792640421308937
474.0,3.3334249046419857,3.100913589479409,3.5659362198045623
475.0,3.3298725947271213,3.0973612795645447,3.562383909889698
476.0,3.32299539619613,3.090484081033553,3.5555067113587064
477.0,3.325573572789484,3.0930622576269076,3.558084887952061
478.0,3.3204635062256984,3.087952191063122,3.552974821388275
479.0,3.33455312202947,3.1020418068668936,3.567064437192047
480.0,3.340484259279934,3.1079729441173574,3.5729955744425106
481.0,3.347242030184001,3.1147307150214245,3.5797533453465777
482.0,3.341881922913082,3.1093706077505052,3.5743932380756585
483.0,3.341905900569692,3.109394585407115,3.5744172157322684
484.0,3.3343084497014295,3.101797134538853,3.566819764864006
485.0,3.314254923286499,3.0817436081239222,3.5467662384490755
486.0,3.3175911922401164,3.08507987707754,3.550102507402693
487.0,3.3106140093078174,3.0781026941452407,3.543125324470394
488.0,3.317200156391762,3.0846888412291853,3.5497114715543385
489.0,3.305556431039279,3.0730451158767025,3.5380677462018557
490.0,3.3034878491517587,3.070976533989182,3.5359991643143354
491.0,3.3059830951481852,3.0734717799856086,3.538494410310762
492.0,3.31761206084883,3.0851007456862534,3.5501233760114066
493.0,3.326487318063884,3.0939760029013073,3.5589986332264605
494.0,3.3191713150825577,3.086659999919981,3.5516826302451343
495.0,3.3272836414817197,3.094772326319143,3.5597949566442963
496.0,3.3249044126830154,3.092393097520439,3.557415727845592
497.0,3.3276396372672767,3.0951283221047,3.5601509524298534
498.0,3.317216699246036,3.0847053840834593,3.5497280144086125
499.0,3.313508725575271,3.0809974104126945,3.5460200407378477
500.0,3.3036594954127603,3.0711481802501837,3.536170810575337
501.0,3.3110015791487757,3.078490263986199,3.5435128943113523
502.0,3.3070274083078512,3.0745160931452746,3.539538723470428
503.0,3.3133882511495742,3.0808769359869976,3.545899566312151
504.0,3.323754895831773,3.0912435806691962,3.5562662109943495
505.0,3.3310369166969003,3.0985256015343237,3.563548231859477
506.0,3.3406602049278855,3.108148889765309,3.573171520090462
507.0,3.3397760773878256,3.107264762225249,3.572287392550402
508.0,3.3385556064486104,3.1060442912860338,3.571066921611187
509.0,3.3332740640787932,3.1007627489162166,3.56578537924137
510.0,3.3400016198829623,3.1074903047203857,3.572512935045539
511.0,3.336480785833079,3.1039694706705023,3.5689921009956556
512.0,3.331771982020253,3.0992606668576763,3.5642832971828295
513.0,3.330578090755548,3.0980667755929714,3.5630894059181246
514.0,3.3309337306157154,3.098422415453139,3.563445045778292
515.0,3.3236032953249826,3.091091980162406,3.556114610487559
516.0,3.3220786346184035,3.089567319455827,3.55458994978098
517.0,3.3123643480387206,3.079853032876144,3.544875663201297
518.0,3.3177461892168942,3.0852348740543176,3.550257504379471
519.0,3.3160918071467322,3.0835804919841556,3.548603122309309
520.0,3.33097297912579,3.098461663963213,3.5634842942883664
521.0,3.337131118935154,3.1046198037725774,3.5696424340977306
522.0,3.3381752613845284,3.1056639462219517,3.570686576547105
523.0,3.3383376321713762,3.1058263170087996,3.570848947333953
524.0,3.335358904976093,3.1028475898135164,3.5678702201386696
525.0,3.318279976175893,3.0857686610133164,3.5507912913384696
526.0,3.327960389059212,3.0954490738966354,3.5604717042217886
527.0,3.3110531068762334,3.078541791713657,3.54356442203881
528.0,3.3097314404996476,3.077220125337071,3.5422427556622242
529.0,3.3176370965084883,3.0851257813459116,3.550148411671065
530.0,3.311749890322431,3.0792385751598546,3.544261205485008
531.0,3.310640530538703,3.0781292153761264,3.5431518457012796
532.0,3.3061742246207033,3.0736629094581267,3.53868553978328
533.0,3.3110354132888418,3.078524098126265,3.5435467284514184
534.0,3.3128669105978514,3.080355595435275,3.545378225760428
535.0,3.3121520819227075,3.079640766760131,3.544663397085284
536.0,3.305006945587365,3.0724956304247883,3.5375182607499416
537.0,3.300191332266892,3.0676800171043155,3.5327026474294687
538.0,3.305831002773433,3.0733196876108564,3.5383423179360096
539.0,3.29165617329779,3.0591448581352134,3.5241674884603666
540.0,3.2987019215757396,3.066190606413163,3.531213236738316
541.0,3.291097729523107,3.0585864143605304,3.5236090446856836
542.0,3.29058977899462,3.0580784638320435,3.5231010941571967
543.0,3.2845672549418246,3.052055939779248,3.517078570104401
544.0,3.291602046174619,3.0590907310120423,3.5241133613371955
545.0,3.2984160060177077,3.065904690855131,3.5309273211802843
546.0,3.2904657797098387,3.057954464547262,3.5229770948724153
547.0,3.294582220851874,3.062070905689297,3.5270935360144504
548.0,3.2877500994513893,3.0552387842888127,3.520261414613966
549.0,3.2725847698153037,3.040073454652727,3.5050960849778803
550.0,3.2674342334685664,3.03492291830599,3.499945548631143
551.0,3.2618772257857627,3.029365910623186,3.4943885409483393
552.0,3.25502560933397,3.022514294171393,3.4875369244965464
553.0,3.262249800142926,3.0297384849803493,3.4947611153055025
554.0,3.263978965026205,3.0314676498636284,3.4964902801887816
555.0,3.269364479377296,3.0368531642147194,3.5018757945398726
556.0,3.2620717590636095,3.029560443901033,3.494583074226186
557.0,3.270041323468727,3.0375300083061503,3.5025526386313035
558.0,3.2726073151107187,3.040095999948142,3.5051186302732953
559.0,3.2707950711238403,3.0382837559612637,3.503306386286417
560.0,3.274641437235611,3.0421301220730346,3.507152752398188
561.0,3.279986563309767,3.0474752481471903,3.5124978784723435
562.0,3.2857196367929538,3.053208321630377,3.5182309519555304
563.0,3.2816458642042803,3.0491345490417037,3.514157179366857
564.0,3.273991992467345,3.0414806773047682,3.5065033076299215
565.0,3.2589384488347894,3.026427133672213,3.491449763997366
566.0,3.2650362070739285,3.032524891911352,3.497547522236505
567.0,3.2723318831454833,3.0398205679829067,3.50484319830806
568.0,3.2630354897770375,3.030524174614461,3.495546804939614
569.0,3.2698868402765187,3.037375525113942,3.5023981554390953
570.0,3.266635814773221,3.0341244996106442,3.4991471299357975
571.0,3.271178685673913,3.0386673705113365,3.5036900008364897
572.0,3.278453942415391,3.0459426272528143,3.5109652575779675
573.0,3.276942290775295,3.0444309756127184,3.5094536059378716
574.0,3.268856897108108,3.036345581945531,3.5013682122706844
575.0,3.2637523904100187,3.031241075247442,3.4962637055725954
576.0,3.2641988107920543,3.0316874956294777,3.496710125954631
577.0,3.2606033692335266,3.02809205407095,3.493114684396103
578.0,3.2646084417507004,3.032097126588124,3.497119756913277
579.0,3.2696614605019407,3.037150145339364,3.5021727756645173
580.0,3.2836727830943455,3.051161467931769,3.516184098256922
581.0,3.2858472568123114,3.0533359416497348,3.518358571974888
582.0,3.2883846842423026,3.055873369079726,3.520895999404879
583.0,3.2962645275560307,3.063753212393454,3.5287758427186073
584.0,3.2938675783453437,3.061356263182767,3.5263788935079203
585.0,3.297139505460219,3.0646281902976424,3.5296508206227957
586.0,3.287642532731196,3.0551312175686194,3.5201538478937726
587.0,3.2908511552283817,3.058339840065805,3.5233624703909583
588.0,3.2934989037064017,3.060987588543825,3.5260102188689784
589.0,3.293219265030444,3.0607079498678673,3.5257305801930205
590.0,3.2757937220337725,3.043282406871196,3.508305037196349
591.0,3.2807358379839555,3.048224522821379,3.513247153146532
592.0,3.2723745137677858,3.039863198605209,3.5048858289303624
593.0,3.277200191784493,3.0446888766219162,3.5097115069470695
594.0,3.283036162854121,3.0505248476915443,3.5155474780166975
595.0,3.2853374712667205,3.052826156104144,3.517848786429297
596.0,3.296485931567442,3.0639746164048653,3.5289972467300186
597.0,3.3093710323031904,3.076859717140614,3.541882347465767
598.0,3.3138715363660407,3.081360221203464,3.5463828515286173
599.0,3.3213475673535915,3.088836252191015,3.553858882516168
600.0,3.3244303367820054,3.0919190216194288,3.556941651944582
601.0,3.3140027670877603,3.0814914519251837,3.546514082250337
602.0,3.311194735144361,3.0786834199817843,3.5437060503069375
603.0,3.3198814489826933,3.0873701338201167,3.55239276414527
604.0,3.3283667100423266,3.09585539487975,3.5608780252049033
605.0,3.3197996871478,3.0872883719852235,3.5523110023103768
606.0,3.3163874041433385,3.083876088980762,3.548898719305915
607.0,3.3214041148445306,3.088892799681954,3.553915430007107
608.0,3.306875221503923,3.0743639063413464,3.5393865366664996
609.0,3.3091581499814766,3.0766468348189,3.5416694651440532
610.0,3.3086595175380036,3.076148202375427,3.54117083270058
611.0,3.3078125802960323,3.0753012651334557,3.540323895458609
612.0,3.3121705788348845,3.079659263672308,3.544681893997461
613.0,3.3195745497375655,3.087063234574989,3.552085864900142
614.0,3.313688932119968,3.0811776169573912,3.5462002472825445
615.0,3.3128542900439193,3.0803429748813427,3.545365605206496
616.0,3.3063805670143256,3.073869251851749,3.538891882176902
617.0,3.308681765202341,3.0761704500397644,3.5411930803649176
618.0,3.314922629560321,3.0824113143977443,3.5474339447228975
619.0,3.3093137192468696,3.076802404084293,3.541825034409446
620.0,3.3242936270667665,3.09178231190419,3.556804942229343
621.0,3.3262074192424214,3.0936961040798447,3.558718734404998
622.0,3.325899234396875,3.0933879192342983,3.5584105495594516
623.0,3.3218321406885445,3.089320825525968,3.554343455851121
624.0,3.3257775862642283,3.0932662711016516,3.558288901426805
625.0,3.322732322587456,3.0902210074248795,3.5552436377500327
626.0,3.3241313062918616,3.091619991129285,3.556642621454438
627.0,3.323455526386144,3.0909442112235674,3.5559668415487207
628.0,3.3212894121802536,3.088778097017677,3.5538007273428303
629.0,3.3174730837239004,3.0849617685613238,3.549984398886477
630.0,3.3106522464590933,3.0781409312965167,3.54316356162167
631.0,3.3090567919660807,3.076545476803504,3.5415681071286573
632.0,3.3038801750991094,3.0713688599365327,3.536391490261686
633.0,3.3013799792609024,3.068868664098326,3.533891294423479
634.0,3.311272978182181,3.078761663019604,3.5437842933447574
635.0,3.319002232389298,3.086490917226721,3.5515135475518744
636.0,3.31791602589216,3.085404710729583,3.5504273410547365
637.0,3.315733395000728,3.0832220798381513,3.5482447101633046
638.0,3.307512925596436,3.0750016104338593,3.5400242407590126
639.0,3.311609495468186,3.0790981803056092,3.5441208106307625
640.0,3.3135196954998407,3.081008380337264,3.5460310106624173
641.0,3.326716633441962,3.094205318279385,3.5592279486045384
642.0,3.3234645788245225,3.090953263661946,3.555975893987099
643.0,3.318184320632339,3.0856730054697623,3.5506956357949155
644.0,3.31702098697919,3.084509671816613,3.5495323021417664
645.0,3.3176339759190547,3.085122660756478,3.5501452910816313
646.0,3.324964238589762,3.0924529234271856,3.557475553752339
647.0,3.3215592457880194,3.089047930625443,3.554070560950596
648.0,3.325144950620344,3.0926336354577675,3.5576562657829207
649.0,3.3349555566990117,3.102444241536435,3.5674668718615883
650.0,3.33509435122909,3.1025830360665134,3.5676056663916667
651.0,3.3290268091170336,3.096515493954457,3.5615381242796103
652.0,3.330381046095538,3.0978697309329615,3.5628923612581147
653.0,3.3210953912385603,3.0885840760759837,3.553606706401137
654.0,3.3278585052811036,3.095347190118527,3.5603698204436802
655.0,3.3312827658932584,3.098771450730682,3.563794081055835
656.0,3.339033526202434,3.1065222110398576,3.571544841365011
657.0,3.348287383455119,3.115776068292542,3.5807986986176954
658.0,3.3542896030214284,3.121778287858852,3.586800918184005
659.0,3.3506091866680086,3.118097871505432,3.583120501830585
660.0,3.354713280087889,3.1222019649253125,3.5872245952504658
661.0,3.3549460520464405,3.122434736883864,3.587457367209017
662.0,3.350269060381978,3.1177577452194014,3.5827803755445546
663.0,3.347957778541397,3.1154464633788206,3.580469093703974
664.0,3.3411944950439434,3.1086831798813668,3.57370581020652
665.0,3.3416876311033605,3.109176315940784,3.574198946265937
666.0,3.3483502363270006,3.115838921164424,3.580861551489577
667.0,3.354106711645521,3.1215953964829444,3.5866180268080976
668.0,3.351127270501936,3.1186159553393593,3.5836385856645125
669.0,3.3451749127069474,3.112663597544371,3.577686227869524
670.0,3.3430252432094973,3.1105139280469207,3.575536558372074
671.0,3.34664068379384,3.1141293686312634,3.5791519989564167
672.0,3.3464560365235805,3.113944721361004,3.578967351686157
673.0,3.3503002900907717,3.117788974928195,3.5828116052533483
674.0,3.336041369411479,3.1035300542489024,3.5685526845740556
675.0,3.329414831473456,3.0969035163108796,3.561926146636033
676.0,3.340417541069032,3.1079062259064556,3.572928856231609
677.0,3.338246394711706,3.105735079549129,3.5707577098742824
678.0,3.3359988986476337,3.103487583485057,3.5685102138102103
679.0,3.3431716808343888,3.110660365671812,3.5756829959969654
680.0,3.3414667592669454,3.1089554441043687,3.573978074429522
681.0,3.3362243272355125,3.103713012072936,3.568735642398089
682.0,3.3471520232966925,3.114640708134116,3.579663338459269
683.0,3.3447559735883843,3.1122446584258077,3.577267288750961
684.0,3.347765423812022,3.115254108649445,3.5802767389745984
685.0,3.354018167017353,3.121506851854776,3.5865294821799294
686.0,3.348424961777443,3.1159136466148665,3.5809362769400197
687.0,3.3458360482433256,3.113324733080749,3.578347363405902
688.0,3.342388733507293,3.109877418344716,3.5749000486698694
689.0,3.3383970041961115,3.105885689033535,3.570908319358688
690.0,3.3437538910344498,3.111242575871873,3.5762652061970264
691.0,3.3386493477861463,3.1061380326235697,3.571160662948723
692.0,3.3394134430417513,3.1069021278791746,3.571924758204328
693.0,3.337663570711116,3.1051522555485396,3.570174885873693
694.0,3.336104623363489,3.1035933082009124,3.5686159385260656
695.0,3.335355987519405,3.1028446723568286,3.567867302681982
696.0,3.334062947424627,3.1015516322620504,3.5665742625872037
697.0,3.3339236589262264,3.10141234376365,3.566434974088803
698.0,3.327735997505294,3.0952246823427174,3.5602473126678706
699.0,3.334279089111255,3.101767773948678,3.5667904042738314
700.0,3.3375339838039215,3.105022668641345,3.570045298966498
701.0,3.3391760589499198,3.106664743787343,3.5716873741124964
702.0,3.334303555383546,3.1017922402209694,3.5668148705461227
703.0,3.336891743537122,3.1043804283745455,3.5694030586996988
704.0,3.3355690012455725,3.103057686082996,3.568080316408149
705.0,3.336557156634283,3.1040458414717063,3.5690684717968595
706.0,3.3443026230124024,3.111791307849826,3.576813938174979
707.0,3.3401718311331603,3.1076605159705837,3.572683146295737
708.0,3.342254164620903,3.1097428494583266,3.57476547978348
709.0,3.3454535712669617,3.112942256104385,3.5779648864295384
710.0,3.3503397419217404,3.117828426759164,3.582851057084317
711.0,3.348831895538122,3.1163205803755454,3.5813432107006986
712.0,3.345064998648907,3.1125536834863303,3.5775763138114836
713.0,3.341354881025728,3.1088435658631512,3.5738661961883045
714.0,3.3381891863898234,3.105677871227247,3.5707005015524
715.0,3.3332185917849118,3.100707276622335,3.5657299069474884
716.0,3.337562690368479,3.1050513752059024,3.5700740055310556
717.0,3.3447972444701186,3.112285929307542,3.5773085596326952
718.0,3.3501274203726203,3.1176161052100437,3.582638735535197
719.0,3.355971167231294,3.1234598520687173,3.5884824823938706
720.0,3.3611619301539792,3.1286506149914026,3.593673245316556
721.0,3.3565588971580302,3.1240475819954536,3.589070212320607
722.0,3.3739315004780996,3.141420185315523,3.6064428156406763
723.0,3.3784229316341547,3.145911616471578,3.6109342467967314
724.0,3.3766805091067242,3.1441691939441476,3.609191824269301
725.0,3.378891745923794,3.1463804307612175,3.6114030610863708
726.0,3.3781227493305463,3.1456114341679697,3.610634064493123
727.0,3.3752861718457194,3.142774856683143,3.607797487008296
728.0,3.374367242622735,3.1418559274601585,3.6068785577853117
729.0,3.3770789786598328,3.144567663497256,3.6095902938224094
730.0,3.3820107331271454,3.149499417964569,3.614522048289722
731.0,3.382925655798171,3.1504143406355944,3.6154369709607477
732.0,3.3755201399450105,3.143008824782434,3.608031455107587
733.0,3.3734747180680524,3.140963402905476,3.605986033230629
734.0,3.3686596511693803,3.1361483360068036,3.601170966331957
735.0,3.3696347477068467,3.13712343254427,3.6021460628694233
736.0,3.37776368220329,3.1452523670407135,3.6102749973658668
737.0,3.3786727848109144,3.1461614696483378,3.611184099973491
738.0,3.382166066309281,3.1496547511467043,3.6146773814718576
739.0,3.3711973951553595,3.138686079992783,3.603708710317936
740.0,3.3707329442034175,3.138221629040841,3.603244259365994
741.0,3.3671657983545997,3.134654483192023,3.5996771135171763
742.0,3.365602148530986,3.1330908333684095,3.5981134636935628
743.0,3.366752815567457,3.1342415004048805,3.5992641307300337
744.0,3.3680384726435655,3.135527157480989,3.600549787806142
745.0,3.3639879340855767,3.131476618923,3.5964992492481533
746.0,3.359984783834125,3.1274734686715484,3.5924960989967016
747.0,3.359164649969521,3.1266533348069445,3.5916759651320977
748.0,3.3625796018822127,3.130068286719636,3.5950909170447893
749.0,3.361155911266868,3.1286445961042912,3.5936672264294445
750.0,3.362517924706411,3.1300066095438344,3.5950292398689876
751.0,3.363915026320941,3.1314037111583644,3.5964263414835176
752.0,3.3585123011458893,3.1260009859833127,3.591023616308466
753.0,3.363758556983312,3.1312472418207355,3.596269872145889
754.0,3.3736565144199853,3.1411451992574086,3.606167829582562
755.0,3.3617530655527745,3.129241750390198,3.594264380715351
756.0,3.3606929569764823,3.1281816418139057,3.593204272139059
757.0,3.357881415637705,3.1253701004751284,3.5903927308002817
758.0,3.3613974546302683,3.1288861394676917,3.593908769792845
759.0,3.3543532369538864,3.12184192179131,3.586864552116463
760.0,3.3578716521807217,3.125360337018145,3.5903829673432983
761.0,3.351996886888455,3.1194855717258783,3.5845082020510315
762.0,3.3531424338218,3.1206311186592233,3.5856537489843765
763.0,3.359299530442097,3.1267882152795203,3.5918108456046736
764.0,3.367653774638411,3.1351424594758344,3.6001650898009876
765.0,3.3675783541720388,3.135067039009462,3.6000896693346154
766.0,3.3769230785237556,3.144411763361179,3.6094343936863322
767.0,3.38291339855827,3.150402083395693,3.6154247137208464
768.0,3.3858146558377658,3.153303340675189,3.6183259710003424
769.0,3.3793011216841036,3.146789806521527,3.61181243684668
770.0,3.383740965533735,3.1512296503711585,3.6162522806963118
771.0,3.37947400256161,3.1469626873990335,3.6119853177241867
772.0,3.3810634117197673,3.1485520965571907,3.613574726882344
773.0,3.387475784547407,3.15496446938483,3.6199870997099834
774.0,3.383811368725004,3.1513000535624274,3.6163226838875806
775.0,3.3820472718007526,3.149535956638176,3.614558586963329
776.0,3.3797041458880277,3.147192830725451,3.6122154610506043
777.0,3.3833166860453447,3.150805370882768,3.6158280012079214
778.0,3.379536254135915,3.1470249389733382,3.6120475692984915
779.0,3.378439532173443,3.1459282170108662,3.6109508473360195
780.0,3.3745190982580233,3.1420077830954467,3.6070304134206
781.0,3.3766944806953796,3.144183165532803,3.609205795857956
782.0,3.37443261439342,3.141921299230843,3.6069439295559964
783.0,3.378361883467493,3.1458505683049163,3.6108731986300695
784.0,3.388702888316251,3.1561915731536745,3.6212142034788277
785.0,3.3892438061367596,3.156732490974183,3.621755121299336
786.0,3.3799188164132636,3.147407501250687,3.6124301315758403
787.0,3.3746159874315844,3.142104672269008,3.607127302594161
788.0,3.376045980377809,3.1435346652152325,3.6085572955403857
789.0,3.3769543111163807,3.144442995953804,3.6094656262789573
790.0,3.3790181852105214,3.146506870047945,3.611529500373098
791.0,3.3799123769794504,3.1474010618168737,3.612423692142027
792.0,3.380402033342477,3.1478907181799003,3.6129133485050535
793.0,3.383521071727771,3.151009756565194,3.6160323868903474
794.0,3.386868825550694,3.154357510388117,3.6193801407132704
795.0,3.3842323448699845,3.151721029707408,3.616743660032561
796.0,3.382591675094909,3.1500803599323324,3.6151029902574856
797.0,3.3780098414684585,3.145498526305882,3.610521156631035
798.0,3.3725340898892586,3.140022774726682,3.6050454050518352
799.0,3.3734718785659346,3.140960563403358,3.605983193728511
800.0,3.3702830162967086,3.137771701134132,3.602794331459285
801.0,3.375733912842388,3.1432225976798116,3.608245228004965
802.0,3.379324764098257,3.1468134489356805,3.6118360792608337
803.0,3.3733598786249868,3.14084856346241,3.6058711937875634
804.0,3.375773811111972,3.1432624959493953,3.6082851262745486
805.0,3.3771017779523747,3.144590462789798,3.6096130931149513
806.0,3.3764118069190343,3.1439004917564577,3.608923122081611
807.0,3.3676151818344704,3.135103866671894,3.600126496997047
808.0,3.3609190752968994,3.1284077601343228,3.593430390459476
809.0,3.364593078927722,3.1320817637651452,3.5971043940902985
810.0,3.360760749508261,3.1282494343456846,3.593272064670838
811.0,3.356592584924194,3.1240812697616174,3.5891039000867706
812.0,3.3603624704774617,3.127851155314885,3.5928737856400383
813.0,3.3565398807396285,3.124028565577052,3.589051195902205
814.0,3.358762170993953,3.126250855831376,3.5912734861565294
815.0,3.3630503147440267,3.13053899958145,3.5955616299066033
816.0,3.3594856739295897,3.126974358767013,3.5919969890921664
817.0,3.3535826835122866,3.12107136834971,3.5860939986748632
818.0,3.356846155348247,3.1243348401856705,3.5893574705108238
819.0,3.360765446332266,3.1282541311696894,3.5932767614948427
820.0,3.3578806224948803,3.1253693073323037,3.590391937657457
821.0,3.3548352899475824,3.122323974785006,3.587346605110159
822.0,3.3496854806754177,3.117174165512841,3.5821967958379943
823.0,3.3566115933214102,3.1241002781588336,3.589122908483987
824.0,3.3601444098121487,3.127633094649572,3.5926557249747253
825.0,3.357833543814649,3.1253222286520725,3.5903448589772258
826.0,3.3494914514856142,3.1169801363230376,3.582002766648191
827.0,3.351260809113849,3.1187494939512725,3.5837721242764258
828.0,3.34576192012584,3.1132506049632633,3.5782732352884166
829.0,3.3522660898356587,3.119754774673082,3.5847774049982353
830.0,3.345254554626186,3.1127432394636094,3.5777658697887627
831.0,3.348394064844547,3.1158827496819703,3.5809053800071236
832.0,3.345363899590961,3.1128525844283845,3.5778752147535378
833.0,3.3411191015058255,3.108607786343249,3.573630416668402
834.0,3.3388041167934324,3.1062928016308557,3.571315431956009
835.0,3.341390126439892,3.1088788112773154,3.5739014416024686
836.0,3.34321890266646,3.1107075875038834,3.5757302178290367
837.0,3.3415120776785683,3.1090007625159917,3.574023392841145
838.0,3.347423849578665,3.114912534416088,3.5799351647412414
839.0,3.353019470908309,3.1205081557457324,3.5855307860708856
840.0,3.349952381689299,3.1174410665267223,3.5824636968518755
841.0,3.350291929718946,3.1177806145563696,3.582803244881523
842.0,3.3428264441078217,3.110315128945245,3.5753377592703983
843.0,3.344493930925414,3.1119826157628374,3.5770052460879906
844.0,3.3545174210477278,3.122006105885151,3.5870287362103044
845.0,3.3589990735218267,3.12648775835925,3.5915103886844033
846.0,3.366103120935903,3.1335918057733263,3.5986144360984795
847.0,3.3647524961287534,3.1322411809661768,3.59726381129133
848.0,3.366812327645679,3.1343010124831023,3.5993236428082556
849.0,3.3630035650830625,3.130492249920486,3.595514880245639
850.0,3.3653165593468066,3.13280524418423,3.5978278745093832
851.0,3.3662926015877477,3.133781286425171,3.5988039167503243
852.0,3.3646067149506518,3.132095399788075,3.5971180301132284
853.0,3.36450689540993,3.1319955802473536,3.597018210572507
854.0,3.361476198304287,3.1289648831417103,3.5939875134668635
855.0,3.364390714821923,3.1318793996593466,3.5969020299845
856.0,3.3750342661403656,3.142522950977789,3.6075455813029422
857.0,3.3801281569186368,3.14761684175606,3.6126394720812134
858.0,3.381869588808933,3.1493582736463566,3.61438090397151
859.0,3.3785662471498177,3.146054931987241,3.6110775623123943
860.0,3.37686915354128,3.144357838378703,3.6093804687038564
861.0,3.372804796505021,3.1402934813424443,3.6053161116675976
862.0,3.376476696245233,3.143965381082656,3.6089880114078094
863.0,3.373874767492149,3.1413634523295726,3.606386082654726
864.0,3.3722151790122723,3.1397038638496957,3.604726494174849
865.0,3.3763015735079853,3.1437902583454087,3.608812888670562
866.0,3.3781649292486757,3.145653614086099,3.6106762444112523
867.0,3.3794399367797827,3.146928621617206,3.6119512519423593
868.0,3.3814581678164526,3.148946852653876,3.613969482979029
869.0,3.3803358229199727,3.147824507757396,3.6128471380825493
870.0,3.3832763584629433,3.1507650433003667,3.61578767362552
871.0,3.383320797053599,3.1508094818910224,3.6158321122161756
872.0,3.3888193308086803,3.1563080156461036,3.621330645971257
873.0,3.3924442733450033,3.1599329581824267,3.62495558850758
874.0,3.3987305592608785,3.166219244098302,3.631241874423455
875.0,3.4013652709345674,3.168853955771991,3.633876586097144
876.0,3.3992181472110894,3.1667068320485128,3.631729462373666
877.0,3.398965257339031,3.1664539421764544,3.6314765725016076
878.0,3.3953271678771015,3.162815852714525,3.627838483039678
879.0,3.3937547935240033,3.1612434783614267,3.62626610868658
880.0,3.3961207322952,3.1636094171326232,3.6286320474577765
881.0,3.402282134861018,3.1697708196984413,3.6347934500235946
882.0,3.393460014728384,3.1609486995658074,3.6259713298909606
883.0,3.390860607158771,3.158349291996194,3.6233719223213474
884.0,3.3852806443882715,3.152769329225695,3.617791959550848
885.0,3.3862216143248176,3.153710299162241,3.6187329294873942
886.0,3.382207579099979,3.149696263937402,3.6147188942625554
887.0,3.3777963196785494,3.145285004515973,3.610307634841126
888.0,3.3821133972295687,3.149602082066992,3.6146247123921453
889.0,3.3829594929383866,3.15044817777581,3.615470808100963
890.0,3.3741200983626554,3.1416087832000787,3.606631413525232
891.0,3.3729237102872154,3.1404123951246388,3.605435025449792
892.0,3.367667550745592,3.1351562355830156,3.600178865908169
893.0,3.371195026208297,3.1386837110457204,3.6037063413708736
894.0,3.3764278459969046,3.143916530834328,3.608939161159481
895.0,3.370167516924432,3.1376562017618554,3.6026788320870087
896.0,3.367618572491339,3.1351072573287624,3.6001298876539156
897.0,3.3693006554433245,3.136789340280748,3.601811970605901
898.0,3.3725640403811092,3.1400527252185326,3.605075355543686
899.0,3.3808563409377164,3.1483450257751397,3.613367656100293
900.0,3.3786290525113283,3.1461177373487517,3.611140367673905
901.0,3.3751768656968095,3.142665550534233,3.607688180859386
902.0,3.3619784175518146,3.129467102389238,3.594489732714391
903.0,3.365461101498861,3.1329497863362845,3.5979724166614377
904.0,3.3683525420846014,3.135841226922025,3.600863857247178
905.0,3.3693587095470954,3.1368473943845188,3.601870024709672
906.0,3.372340381863756,3.1398290667011794,3.6048516970263327
907.0,3.3758501014669346,3.143338786304358,3.6083614166295113
908.0,3.3810014398876302,3.1484901247250536,3.613512755050207
909.0,3.3839267894977496,3.151415474335173,3.6164381046603262
910.0,3.385899896737545,3.1533885815749683,3.6184112119001215
911.0,3.3887174423661777,3.156206127203601,3.6212287575287543
912.0,3.3772150820646645,3.144703766902088,3.609726397227241
913.0,3.3764594884090715,3.143948173246495,3.608970803571648
914.0,3.38140728336373,3.1488959682011535,3.6139185985263067
915.0,3.3804670047506375,3.147955689588061,3.612978319913214
916.0,3.3768034222459793,3.1442921070834027,3.609314737408556
917.0,3.374366865001485,3.1418555498389082,3.6068781801640615
918.0,3.3705776197563972,3.1380663045938206,3.603088934918974
919.0,3.3691743582335065,3.13666304307093,3.601685673396083
920.0,3.3719927955291764,3.1394814803666,3.604504110691753
921.0,3.3727959899706947,3.140284674808118,3.6053073051332714
922.0,3.3695531319527836,3.137041816790207,3.6020644471153602
923.0,3.3711277287724544,3.1386164136098778,3.603639043935031
924.0,3.3712467635466106,3.138735448384034,3.603758078709187
925.0,3.373471053789038,3.1409597386264614,3.6059823689516146
926.0,3.3717909877566385,3.139279672594062,3.604302302919215
927.0,3.3663015338536026,3.133790218691026,3.5988128490161793
928.0,3.363616821384631,3.1311055062220543,3.5961281365472075
929.0,3.3612679907348006,3.128756675572224,3.5937793058973773
930.0,3.3617978614184896,3.129286546255913,3.594309176581066
931.0,3.3659332699016042,3.1334219547390276,3.598444585064181
932.0,3.370294291743123,3.1377829765805463,3.6028056069056995
933.0,3.3696380397374703,3.1371267245748937,3.602149354900047
934.0,3.371795700567957,3.1392843854053805,3.6043070157305337
935.0,3.3746013928066425,3.142090077644066,3.607112707969219
936.0,3.3737272518017294,3.1412159366391528,3.606238566964306
937.0,3.3809493747760717,3.148438059613495,3.6134606899386483
938.0,3.3772935189740387,3.144782203811462,3.6098048341366153
939.0,3.3732431916110204,3.1407318764484438,3.605754506773597
940.0,3.378160264439244,3.1456489492766675,3.6106715796018207
941.0,3.380626808559427,3.1481154933968503,3.6131381237220035
942.0,3.3796149634261763,3.1471036482635997,3.612126278588753
943.0,3.3815311825325485,3.149019867369972,3.614042497695125
944.0,3.378766346430293,3.1462550312677164,3.6112776615928697
945.0,3.383793736425817,3.1512824212632404,3.6163050515883937
946.0,3.38243534994126,3.1499240347786834,3.6149466651038367
947.0,3.3840073979523604,3.1514960827897838,3.616518713114937
948.0,3.38853172154173,3.1560204063791533,3.6210430367043065
949.0,3.3843243821766507,3.151813067014074,3.6168356973392273
950.0,3.3848205848255772,3.1523092696630006,3.617331899988154
951.0,3.384864297659817,3.1523529824972405,3.6173756128223937
952.0,3.3885390603068566,3.15602774514428,3.621050375469433
953.0,3.3845873420150623,3.1520760268524857,3.617098657177639
954.0,3.3819792331088707,3.149467917946294,3.6144905482714473
955.0,3.3841749112127193,3.1516635960501427,3.616686226375296
956.0,3.3877806490997098,3.155269333937133,3.6202919642622864
957.0,3.38836947225479,3.1558581570922133,3.6208807874173665
958.0,3.386665047879339,3.1541537327167624,3.6191763630419156
959.0,3.379848764740957,3.1473374495783806,3.612360079903534
960.0,3.3776054674780718,3.145094152315495,3.6101167826406484
961.0,3.3816833444784704,3.149172029315894,3.614194659641047
962.0,3.380541762404763,3.1480304472421863,3.6130530775673395
963.0,3.3758980788478605,3.143386763685284,3.608409394010437
964.0,3.3736079490131683,3.1410966338505917,3.606119264175745
965.0,3.371129248918089,3.1386179337555125,3.6036405640806657
966.0,3.3671854365432607,3.134674121380684,3.5996967517058374
967.0,3.3701307798465256,3.137619464683949,3.6026420950091023
968.0,3.3718802704335733,3.1393689552709967,3.60439158559615
969.0,3.3721621089582423,3.1396507937956657,3.604673424120819
970.0,3.37190819392085,3.1393968787582733,3.6044195090834266
971.0,3.366811781196272,3.1343004660336953,3.5993230963588485
972.0,3.37564924423643,3.1431379290738533,3.6081605593990065
973.0,3.377065846124427,3.1445545309618503,3.6095771612870036
974.0,3.3812123674701438,3.148701052307567,3.6137236826327204
975.0,3.378284174579772,3.145772859417195,3.6107954897423484
976.0,3.3738793526881667,3.14136803752559,3.6063906678507434
977.0,3.378274936129949,3.1457636209673723,3.6107862512925255
978.0,3.3778322858682066,3.14532097070563,3.6103436010307832
979.0,3.37334377771436,3.140832462551783,3.6058550928769364
980.0,3.3761311331018167,3.14361981793924,3.6086424482643933
981.0,3.382371736177488,3.1498604210149113,3.6148830513400645
982.0,3.378247580901176,3.1457362657385994,3.6107588960637527
983.0,3.367250033246846,3.1347387180842694,3.5997613484094226
984.0,3.377353760552121,3.1448424453895445,3.6098650757146977
985.0,3.373049760246335,3.1405384450837586,3.605561075408912
986.0,3.37982826770655,3.1473169525439735,3.6123395828691267
987.0,3.380812486780226,3.1483011716176494,3.6133238019428027
988.0,3.374826013620084,3.142314698457507,3.6073373287826604
989.0,3.3730707152843453,3.1405594001217687,3.605582030446922
990.0,3.37201685261011,3.1395055374475334,3.6045281677726866
991.0,3.3711529283229806,3.138641613160404,3.6036642434855573
992.0,3.371549387365891,3.139038072203314,3.6040607025284674
993.0,3.3694351899271338,3.136923874764557,3.6019465050897104
994.0,3.364848004680441,3.1323366895178646,3.597359319843018
995.0,3.362124670751517,3.1296133555889405,3.5946359859140937
996.0,3.36371162129357,3.131200306130993,3.5962229364561464
997.0,3.3604245778378625,3.127913262675286,3.592935893000439
998.0,3.3614053463879787,3.128894031225402,3.5939166615505553
999.0,3.357428537530158,3.124917222367581,3.5899398526927344
1000.0,3.356552426066116,3.1240411109035393,3.5890637412286925
